data_name,size,algorithm,execution_time,memory_usage,comparisons,swaps,recursion_depth,correctness,error
identical_elements,1000,QuickSortLomuto_last,0.2602485000024899,0.21875,499500,501498,998,True,
identical_elements,1000,QuickSortHoare_last,0.007925400001113303,0.0,11862,5931,9,True,
identical_elements,1000,QuickSortLomuto_random,0.28160729999945033,0.14453125,499500,501498,998,True,
identical_elements,1000,QuickSortHoare_random,0.008992299997771624,0.0,11862,5931,9,True,
identical_elements,1000,QuickSortLomuto_median_of_three,0.262650600001507,0.12109375,499500,501498,998,True,
identical_elements,1000,QuickSortHoare_median_of_three,0.00752910000301199,0.0,11862,5931,9,True,
identical_elements,1000,QuickSortLomuto_median_of_random_three,0.3611652999970829,0.140625,499500,501498,998,True,
identical_elements,1000,QuickSortHoare_median_of_random_three,0.013259500003186986,0.00390625,11862,5931,9,True,
identical_elements,1000,QuickSortDualPivot,0.060795199999120086,0.06640625,250000,1000,499,True,
identical_elements,1000,QuickSortThreeWay,0.0007078000053297728,0.0,999,1,0,True,
sorted_data,1000,QuickSortLomuto_last,0.22623579999344656,0.12109375,499500,501498,998,True,
sorted_data,1000,QuickSortHoare_last,0.060396300003048964,0.0859375,502497,1998,998,True,
sorted_data,1000,QuickSortLomuto_random,0.004222700001264457,0.0,10106,6643,19,True,
sorted_data,1000,QuickSortHoare_random,0.0036324999964563176,0.0,16083,1696,26,True,
sorted_data,1000,QuickSortLomuto_median_of_three,0.0032099999953061342,0.0,7987,4960,8,True,
sorted_data,1000,QuickSortHoare_median_of_three,0.008719400000700261,0.0,11804,1665,10,True,
sorted_data,1000,QuickSortLomuto_median_of_random_three,0.008546099998056889,0.0,9657,5733,16,True,
sorted_data,1000,QuickSortHoare_median_of_random_three,0.009586200001649559,0.0,13282,1630,17,True,
sorted_data,1000,QuickSortDualPivot,0.05259289999958128,0.03125,250000,1000,499,True,
sorted_data,1000,QuickSortThreeWay,0.00929069999983767,0.0,8808,9378,14,True,
random_data,1000,QuickSortLomuto_last,0.004798100002517458,0.0,10616,6115,19,True,
random_data,1000,QuickSortHoare_last,0.00524559999757912,0.0,16324,3270,23,True,
random_data,1000,QuickSortLomuto_random,0.006533200001285877,0.0,10902,6710,20,True,
random_data,1000,QuickSortHoare_random,0.007654900000488851,0.0,14404,3441,20,True,
random_data,1000,QuickSortLomuto_median_of_three,0.0033609000020078383,0.0,9006,5816,14,True,
random_data,1000,QuickSortHoare_median_of_three,0.012850599996454548,0.0,14052,3586,21,True,
random_data,1000,QuickSortLomuto_median_of_random_three,0.011327299995173234,0.0,8995,5281,15,True,
random_data,1000,QuickSortHoare_median_of_random_three,0.02291519999562297,0.0,13429,3633,15,True,
random_data,1000,QuickSortDualPivot,0.007981100003235042,0.0,6610,5149,12,True,
random_data,1000,QuickSortThreeWay,0.014306600001873448,0.0,9196,9768,14,True,
almost_sorted_data,1000,QuickSortLomuto_last,0.0612805999990087,0.0,115365,86945,237,True,
almost_sorted_data,1000,QuickSortHoare_last,0.02395270000124583,0.01953125,176029,2000,291,True,
almost_sorted_data,1000,QuickSortLomuto_random,0.005511000003025401,0.0,10993,7776,21,True,
almost_sorted_data,1000,QuickSortHoare_random,0.008316999999806285,0.0,14749,1732,21,True,
almost_sorted_data,1000,QuickSortLomuto_median_of_three,0.00841470000159461,0.0,28784,3469,76,True,
almost_sorted_data,1000,QuickSortHoare_median_of_three,0.006416200005332939,0.0,12133,1681,12,True,
almost_sorted_data,1000,QuickSortLomuto_median_of_random_three,0.01145899999391986,0.0,8786,5284,14,True,
almost_sorted_data,1000,QuickSortHoare_median_of_random_three,0.008031500001379754,0.0,12850,1649,16,True,
almost_sorted_data,1000,QuickSortDualPivot,0.020750800002133474,0.0,41654,7312,146,True,
almost_sorted_data,1000,QuickSortThreeWay,0.005519600003026426,0.0,9154,9724,15,True,
reverse_sorted_data,1000,QuickSortLomuto_last,0.17186600000422914,0.109375,499500,251498,998,True,
reverse_sorted_data,1000,QuickSortHoare_last,0.06661790000362089,0.07421875,501997,1498,998,True,
reverse_sorted_data,1000,QuickSortLomuto_random,0.005993400001898408,0.0,10827,7471,17,True,
reverse_sorted_data,1000,QuickSortHoare_random,0.00805400000535883,0.0,15377,2210,24,True,
reverse_sorted_data,1000,QuickSortLomuto_median_of_three,0.0044617000021389686,0.0,14378,9464,19,True,
reverse_sorted_data,1000,QuickSortHoare_median_of_three,0.005821699996886309,0.0,11803,2164,10,True,
reverse_sorted_data,1000,QuickSortLomuto_median_of_random_three,0.008149000001139939,0.0,9156,5781,14,True,
reverse_sorted_data,1000,QuickSortHoare_median_of_random_three,0.008164399994711857,0.0,13673,2350,16,True,
reverse_sorted_data,1000,QuickSortDualPivot,0.055090399997425266,0.046875,250000,1500,499,True,
reverse_sorted_data,1000,QuickSortThreeWay,0.010153499999432825,0.0,8999,9571,13,True,
triangular_data,1000,QuickSortLomuto_last,0.0397718000021996,0.0078125,85163,77628,242,True,
triangular_data,1000,QuickSortHoare_last,0.006757299997843802,0.0,31704,3446,49,True,
triangular_data,1000,QuickSortLomuto_random,0.0042212999978801236,0.0,10102,6032,17,True,
triangular_data,1000,QuickSortHoare_random,0.0056244000006699935,0.0,14554,3604,19,True,
triangular_data,1000,QuickSortLomuto_median_of_three,0.04111980000016047,0.00390625,84168,77612,242,True,
triangular_data,1000,QuickSortHoare_median_of_three,0.007821999999578111,0.0,24986,3605,36,True,
triangular_data,1000,QuickSortLomuto_median_of_random_three,0.005233500000031199,0.0,9113,5792,13,True,
triangular_data,1000,QuickSortHoare_median_of_random_three,0.013976499998534564,0.0,13221,3645,16,True,
triangular_data,1000,QuickSortDualPivot,0.01163329999690177,0.0,23629,24040,69,True,
triangular_data,1000,QuickSortThreeWay,0.009261100000003353,0.0,8422,8422,14,True,
few_unique_data,1000,QuickSortLomuto_last,0.05616379999992205,0.00390625,101937,102387,218,True,
few_unique_data,1000,QuickSortHoare_last,0.004499700000451412,0.0,12994,5140,16,True,
few_unique_data,1000,QuickSortLomuto_random,0.05636719999893103,0.015625,101756,102600,218,True,
few_unique_data,1000,QuickSortHoare_random,0.0038181999989319593,0.0,12508,5134,15,True,
few_unique_data,1000,QuickSortLomuto_median_of_three,0.04835979999916162,0.00390625,102435,103457,219,True,
few_unique_data,1000,QuickSortHoare_median_of_three,0.005610300002445001,0.0,12027,5229,13,True,
few_unique_data,1000,QuickSortLomuto_median_of_random_three,0.057013500001630746,0.015625,102687,103304,218,True,
few_unique_data,1000,QuickSortHoare_median_of_random_three,0.008057000006374437,0.0,11877,5229,13,True,
few_unique_data,1000,QuickSortDualPivot,0.010115500001120381,0.00390625,54223,1998,115,True,
few_unique_data,1000,QuickSortThreeWay,0.0007341000018641353,0.0,2355,1365,3,True,
identical_elements,5000,QuickSortLomuto_last,4.339783199997328,1.171875,12497500,12507498,4998,True,
identical_elements,5000,QuickSortHoare_last,0.024388700003328267,0.0,69606,34803,12,True,
identical_elements,5000,QuickSortLomuto_random,5.896400199999334,0.8203125,12497500,12507498,4998,True,
identical_elements,5000,QuickSortHoare_random,0.02743150000605965,0.0,69606,34803,12,True,
identical_elements,5000,QuickSortLomuto_median_of_three,4.9502447999984724,0.78515625,12497500,12507498,4998,True,
identical_elements,5000,QuickSortHoare_median_of_three,0.032640199999150354,0.0,69606,34803,12,True,
identical_elements,5000,QuickSortLomuto_median_of_random_three,4.365226800000528,0.8203125,12497500,12507498,4998,True,
identical_elements,5000,QuickSortHoare_median_of_random_three,0.04076809999969555,0.0,69606,34803,12,True,
identical_elements,5000,QuickSortDualPivot,1.0229905000014696,0.4296875,6250000,5000,2499,True,
identical_elements,5000,QuickSortThreeWay,0.0008736999952816404,0.0,4999,1,0,True,
sorted_data,5000,QuickSortLomuto_last,4.144591000003857,0.95703125,12497500,12507498,4998,True,
sorted_data,5000,QuickSortHoare_last,1.381364200002281,0.765625,12512497,9998,4998,True,
sorted_data,5000,QuickSortLomuto_random,0.026724600000306964,0.0,72044,38027,25,True,
sorted_data,5000,QuickSortHoare_random,0.026024899998446926,0.0,88005,8582,26,True,
sorted_data,5000,QuickSortLomuto_median_of_three,0.022203700005775318,0.0,51822,30713,11,True,
sorted_data,5000,QuickSortHoare_median_of_three,0.022988199998508207,0.0,70821,8331,13,True,
sorted_data,5000,QuickSortLomuto_median_of_random_three,0.03355230000306619,0.0,61567,37335,19,True,
sorted_data,5000,QuickSortHoare_median_of_random_three,0.03451810000115074,0.0,79497,8169,21,True,
sorted_data,5000,QuickSortDualPivot,1.0374707000009948,0.37890625,6250000,5000,2499,True,
sorted_data,5000,QuickSortThreeWay,0.040740799995546695,0.0,60586,63454,19,True,
random_data,5000,QuickSortLomuto_last,0.021973000002617482,0.0,69315,42985,27,True,
random_data,5000,QuickSortHoare_last,0.024524699998437427,0.0,99809,18852,33,True,
random_data,5000,QuickSortLomuto_random,0.028023200000461657,0.0,70516,38397,28,True,
random_data,5000,QuickSortHoare_random,0.02964819999760948,0.0,89855,19612,29,True,
random_data,5000,QuickSortLomuto_median_of_three,0.021963200000755023,0.0,57611,35398,18,True,
random_data,5000,QuickSortHoare_median_of_three,0.03046339999855263,0.0,83429,20680,26,True,
random_data,5000,QuickSortLomuto_median_of_random_three,0.034181499999249354,0.0,59129,38501,20,True,
random_data,5000,QuickSortHoare_median_of_random_three,0.039762799999152776,0.0,83018,20688,23,True,
random_data,5000,QuickSortDualPivot,0.0195808999997098,0.0,42120,32521,15,True,
random_data,5000,QuickSortThreeWay,0.042286000003514346,0.0,59802,62659,19,True,
almost_sorted_data,5000,QuickSortLomuto_last,2.3871478000000934,0.31640625,5652779,5173871,2238,True,
almost_sorted_data,5000,QuickSortHoare_last,0.9104226999988896,0.27734375,5688734,9994,1916,True,
almost_sorted_data,5000,QuickSortLomuto_random,0.03347040000517154,0.0,73376,43987,25,True,
almost_sorted_data,5000,QuickSortHoare_random,0.023687599998083897,0.0,91298,8621,28,True,
almost_sorted_data,5000,QuickSortLomuto_median_of_three,0.12527480000426294,0.02734375,762802,19898,399,True,
almost_sorted_data,5000,QuickSortHoare_median_of_three,0.018732199998339638,0.0,73244,8346,15,True,
almost_sorted_data,5000,QuickSortLomuto_median_of_random_three,0.033728200003679376,0.0,59149,34470,18,True,
almost_sorted_data,5000,QuickSortHoare_median_of_random_three,0.03710259999934351,0.0,78213,8158,20,True,
almost_sorted_data,5000,QuickSortDualPivot,0.23459120000188705,0.08984375,1313828,66595,758,True,
almost_sorted_data,5000,QuickSortThreeWay,0.03848229999857722,0.0,59521,62366,19,True,
reverse_sorted_data,5000,QuickSortLomuto_last,2.7217296000017086,0.79296875,12497500,6257498,4998,True,
reverse_sorted_data,5000,QuickSortHoare_last,1.3903688999998849,0.8046875,12509997,7498,4998,True,
reverse_sorted_data,5000,QuickSortLomuto_random,0.03358770000340883,0.0,71022,42722,26,True,
reverse_sorted_data,5000,QuickSortHoare_random,0.025918399995134678,0.0,92049,11080,27,True,
reverse_sorted_data,5000,QuickSortLomuto_median_of_three,0.04223620000266237,0.0,100346,64520,26,True,
reverse_sorted_data,5000,QuickSortHoare_median_of_three,0.024986799995531328,0.0,70825,10832,13,True,
reverse_sorted_data,5000,QuickSortLomuto_median_of_random_three,0.03589210000063758,0.0,58462,35774,19,True,
reverse_sorted_data,5000,QuickSortHoare_median_of_random_three,0.034323899999435525,0.0,76565,10763,20,True,
reverse_sorted_data,5000,QuickSortDualPivot,1.043567599997914,0.3828125,6250000,7500,2499,True,
reverse_sorted_data,5000,QuickSortThreeWay,0.051294299999426585,0.0,61742,64601,18,True,
triangular_data,5000,QuickSortLomuto_last,0.5152492999986862,0.15234375,1528273,1478150,1034,True,
triangular_data,5000,QuickSortHoare_last,0.04828020000422839,0.0,227663,19868,91,True,
triangular_data,5000,QuickSortLomuto_random,0.026818700003786944,0.0,73408,46088,29,True,
triangular_data,5000,QuickSortHoare_random,0.025425200001336634,0.0,95585,20356,29,True,
triangular_data,5000,QuickSortLomuto_median_of_three,0.5186185000056867,0.140625,1512540,1466626,1032,True,
triangular_data,5000,QuickSortHoare_median_of_three,0.04408770000009099,0.0,173395,20515,52,True,
triangular_data,5000,QuickSortLomuto_median_of_random_three,0.0329490000003716,0.0,60643,34028,20,True,
triangular_data,5000,QuickSortHoare_median_of_random_three,0.03868710000097053,0.0,81928,20928,22,True,
triangular_data,5000,QuickSortDualPivot,0.10866329999407753,0.01953125,281964,283985,263,True,
triangular_data,5000,QuickSortThreeWay,0.035277000002679415,0.0,56236,56236,18,True,
few_unique_data,5000,QuickSortLomuto_last,0.9040894999998272,0.12890625,2514236,2520251,1038,True,
few_unique_data,5000,QuickSortHoare_last,0.021295200000167824,0.0,72774,31875,16,True,
few_unique_data,5000,QuickSortLomuto_random,0.8878575999988243,0.14453125,2509946,2513989,1036,True,
few_unique_data,5000,QuickSortHoare_random,0.02613329999439884,0.0,71565,31890,17,True,
few_unique_data,5000,QuickSortLomuto_median_of_three,0.9096525999993901,0.15234375,2515252,2521268,1038,True,
few_unique_data,5000,QuickSortHoare_median_of_three,0.031250899999577086,0.0,72003,31850,16,True,
few_unique_data,5000,QuickSortLomuto_median_of_random_three,0.9106709999978193,0.1328125,2514087,2519134,1037,True,
few_unique_data,5000,QuickSortHoare_median_of_random_three,0.04032590000133496,0.0,71377,31968,16,True,
few_unique_data,5000,QuickSortDualPivot,0.20979240000451682,0.046875,1260777,10991,520,True,
few_unique_data,5000,QuickSortThreeWay,0.003550000001268927,0.0,11873,6883,3,True,
identical_elements,10000,QuickSortLomuto_last,17.12276749999728,1.8984375,49995000,50014998,9998,True,
identical_elements,10000,QuickSortHoare_last,0.05774340000061784,0.0,149214,74607,13,True,
identical_elements,10000,QuickSortLomuto_random,17.122645999996166,1.65234375,49995000,50014998,9998,True,
identical_elements,10000,QuickSortHoare_random,0.08462150000559632,0.0,149214,74607,13,True,
identical_elements,10000,QuickSortLomuto_median_of_three,17.6116278000045,1.65234375,49995000,50014998,9998,True,
identical_elements,10000,QuickSortHoare_median_of_three,0.06467440000415081,0.0,149214,74607,13,True,
identical_elements,10000,QuickSortLomuto_median_of_random_three,17.107217600001604,1.71875,49995000,50014998,9998,True,
identical_elements,10000,QuickSortHoare_median_of_random_three,0.08264060000510653,0.0,149214,74607,13,True,
identical_elements,10000,QuickSortDualPivot,3.98106060000282,0.84375,25000000,10000,4999,True,
identical_elements,10000,QuickSortThreeWay,0.0015188999968813732,0.0,9999,1,0,True,
sorted_data,10000,QuickSortLomuto_last,17.078119500001776,1.84765625,49995000,50014998,9998,True,
sorted_data,10000,QuickSortHoare_last,5.272687500000757,1.60546875,50024997,19998,9998,True,
sorted_data,10000,QuickSortLomuto_random,0.05589440000039758,0.0,151450,87690,28,True,
sorted_data,10000,QuickSortHoare_random,0.046375500001886394,0.0,194730,17127,31,True,
sorted_data,10000,QuickSortLomuto_median_of_three,0.04364700000587618,0.0,113631,66421,12,True,
sorted_data,10000,QuickSortHoare_median_of_three,0.04438340000342578,0.0,151647,16665,14,True,
sorted_data,10000,QuickSortLomuto_median_of_random_three,0.06321749999915482,0.0,137027,75743,22,True,
sorted_data,10000,QuickSortHoare_median_of_random_three,0.06742110000050161,0.0,175482,16287,24,True,
sorted_data,10000,QuickSortDualPivot,4.913952400005655,0.828125,25000000,10000,4999,True,
sorted_data,10000,QuickSortThreeWay,0.08626489999733167,0.0,131467,137165,20,True,
random_data,10000,QuickSortLomuto_last,0.052773099996556994,0.0,162494,104827,31,True,
random_data,10000,QuickSortHoare_last,0.04902179999771761,0.0,207771,40532,33,True,
random_data,10000,QuickSortLomuto_random,0.051627900000312366,0.0,151057,87202,29,True,
random_data,10000,QuickSortHoare_random,0.055305699999735225,0.0,197019,41338,30,True,
random_data,10000,QuickSortLomuto_median_of_three,0.060222100000828505,0.0,134532,83304,21,True,
random_data,10000,QuickSortHoare_median_of_three,0.05602839999482967,0.0,181873,43639,30,True,
random_data,10000,QuickSortLomuto_median_of_random_three,0.06520089999685297,0.0,134348,85225,23,True,
random_data,10000,QuickSortHoare_median_of_random_three,0.07989129999623401,0.0,176196,43904,25,True,
random_data,10000,QuickSortDualPivot,0.03806069999700412,0.0,91646,70461,16,True,
random_data,10000,QuickSortThreeWay,0.07774079999944661,0.0,129212,134861,24,True,
almost_sorted_data,10000,QuickSortLomuto_last,2.823521199999959,0.31640625,9799635,7709267,2154,True,
almost_sorted_data,10000,QuickSortHoare_last,1.817288099999132,0.5625,16787193,19998,3631,True,
almost_sorted_data,10000,QuickSortLomuto_random,0.056643800002348144,0.0,154504,85933,33,True,
almost_sorted_data,10000,QuickSortHoare_random,0.04538920000049984,0.0,210300,17195,33,True,
almost_sorted_data,10000,QuickSortLomuto_median_of_three,0.24260189999768045,0.12890625,2228000,38854,956,True,
almost_sorted_data,10000,QuickSortHoare_median_of_three,0.0438501999960863,0.0,159800,16677,16,True,
almost_sorted_data,10000,QuickSortLomuto_median_of_random_three,0.0651242000021739,0.0,128598,76439,21,True,
almost_sorted_data,10000,QuickSortHoare_median_of_random_three,0.06708740000613034,0.0,170574,16343,24,True,
almost_sorted_data,10000,QuickSortDualPivot,0.42082590000063647,0.06640625,2082355,364218,674,True,
almost_sorted_data,10000,QuickSortThreeWay,0.17391560000396566,0.0,131425,137151,21,True,
reverse_sorted_data,10000,QuickSortLomuto_last,12.03952940000454,1.63671875,49995000,25014998,9998,True,
reverse_sorted_data,10000,QuickSortHoare_last,5.182799700000032,1.59375,50019997,14998,9998,True,
reverse_sorted_data,10000,QuickSortLomuto_random,0.05639250000240281,0.0,154565,92882,30,True,
reverse_sorted_data,10000,QuickSortHoare_random,0.04742890000488842,0.0,193462,22153,30,True,
reverse_sorted_data,10000,QuickSortLomuto_median_of_three,0.07185839999874588,0.0,225614,144252,29,True,
reverse_sorted_data,10000,QuickSortHoare_median_of_three,0.04407579999679001,0.0,151645,21664,14,True,
reverse_sorted_data,10000,QuickSortLomuto_median_of_random_three,0.06310649999795714,0.0,129146,73561,21,True,
reverse_sorted_data,10000,QuickSortHoare_median_of_random_three,0.06815679999999702,0.0,169460,21704,25,True,
reverse_sorted_data,10000,QuickSortDualPivot,4.091544100003375,0.828125,25000000,15000,4999,True,
reverse_sorted_data,10000,QuickSortThreeWay,0.08420309999928577,0.0,136476,142180,22,True,
triangular_data,10000,QuickSortLomuto_last,2.739698399993358,0.32421875,6012547,5902270,2059,True,
triangular_data,10000,QuickSortHoare_last,0.13984009999694536,0.0,529335,41900,111,True,
triangular_data,10000,QuickSortLomuto_random,0.08591950000118231,0.0,147148,82882,26,True,
triangular_data,10000,QuickSortHoare_random,0.055044399996404536,0.0,197314,43255,29,True,
triangular_data,10000,QuickSortLomuto_median_of_three,2.1894766000041272,0.3046875,5973613,5872412,2057,True,
triangular_data,10000,QuickSortHoare_median_of_three,0.08150970000133384,0.0,398315,43376,88,True,
triangular_data,10000,QuickSortLomuto_median_of_random_three,0.06385030000092229,0.0,134168,71940,22,True,
triangular_data,10000,QuickSortHoare_median_of_random_three,0.07094809999398421,0.0,167647,45389,22,True,
triangular_data,10000,QuickSortDualPivot,0.38341980000404874,0.05078125,1051339,1055786,520,True,
triangular_data,10000,QuickSortThreeWay,0.07204120000096736,0.0,133868,133868,21,True,
few_unique_data,10000,QuickSortLomuto_last,3.3412164999972447,0.3125,10019397,10027418,2012,True,
few_unique_data,10000,QuickSortHoare_last,0.04895859999669483,0.0,161245,68406,20,True,
few_unique_data,10000,QuickSortLomuto_random,3.321456899997429,0.30859375,10021395,10027439,2014,True,
few_unique_data,10000,QuickSortHoare_random,0.055290700001933146,0.0,152077,68663,19,True,
few_unique_data,10000,QuickSortLomuto_median_of_three,3.3638232000012067,0.29296875,10015425,10025452,2014,True,
few_unique_data,10000,QuickSortHoare_median_of_three,0.12997089999407763,0.0,152240,68800,17,True,
few_unique_data,10000,QuickSortLomuto_median_of_random_three,4.362774399996852,0.30078125,10013414,10023440,2013,True,
few_unique_data,10000,QuickSortHoare_median_of_random_three,0.08270529999572318,0.0,153514,68810,17,True,
few_unique_data,10000,QuickSortDualPivot,0.8731359000012162,0.15234375,5020214,20017,1007,True,
few_unique_data,10000,QuickSortThreeWay,0.006100300000980496,0.0,21993,12003,2,True,
identical_elements,15000,QuickSortLomuto_last,37.78450779999548,2.6875,112492500,112522498,14998,True,
identical_elements,15000,QuickSortHoare_last,0.12823180000123102,0.0,234502,117251,13,True,
identical_elements,15000,QuickSortLomuto_random,37.795329100001254,2.52734375,112492500,112522498,14998,True,
identical_elements,15000,QuickSortHoare_random,0.13801219999731984,0.0,234502,117251,13,True,
identical_elements,15000,QuickSortLomuto_median_of_three,38.666955799999414,2.55078125,112492500,112522498,14998,True,
identical_elements,15000,QuickSortHoare_median_of_three,0.09304020000126911,0.0,234502,117251,13,True,
identical_elements,15000,QuickSortLomuto_median_of_random_three,37.92278900000383,2.4921875,112492500,112522498,14998,True,
identical_elements,15000,QuickSortHoare_median_of_random_three,0.12441489999764599,0.0,234502,117251,13,True,
identical_elements,15000,QuickSortDualPivot,9.6967300000033,1.2890625,56250000,15000,7499,True,
identical_elements,15000,QuickSortThreeWay,0.0025335999962408096,0.0,14999,1,0,True,
sorted_data,15000,QuickSortLomuto_last,38.02941609999834,2.96484375,112492500,112522498,14998,True,
sorted_data,15000,QuickSortHoare_last,12.5373724999954,2.48828125,112537497,29998,14998,True,
sorted_data,15000,QuickSortLomuto_random,0.09000070000183769,0.0,247218,142250,30,True,
sorted_data,15000,QuickSortHoare_random,0.06587939999735681,0.0,292562,25782,31,True,
sorted_data,15000,QuickSortLomuto_median_of_three,0.06453909999981988,0.0,178631,103641,12,True,
sorted_data,15000,QuickSortHoare_median_of_three,0.06202879999909783,0.0,235883,24998,14,True,
sorted_data,15000,QuickSortLomuto_median_of_random_three,0.09446759999991627,0.0,209465,123593,23,True,
sorted_data,15000,QuickSortHoare_median_of_random_three,0.1005012000023271,0.0,261867,24484,23,True,
sorted_data,15000,QuickSortDualPivot,9.961689299998397,1.2734375,56250000,15000,7499,True,
sorted_data,15000,QuickSortThreeWay,0.13580709999951068,0.0,208415,216988,24,True,
random_data,15000,QuickSortLomuto_last,0.07901819999824511,0.0,243473,153678,35,True,
random_data,15000,QuickSortHoare_last,0.0731660000019474,0.0,369235,61483,37,True,
random_data,15000,QuickSortLomuto_random,0.08404139999765903,0.0,279231,150541,36,True,
random_data,15000,QuickSortHoare_random,0.07670430000143824,0.0,296321,64502,32,True,
random_data,15000,QuickSortLomuto_median_of_three,0.07023589999880642,0.0,202965,123220,22,True,
random_data,15000,QuickSortHoare_median_of_three,0.08182169999781763,0.0,279328,67938,29,True,
random_data,15000,QuickSortLomuto_median_of_random_three,0.09477540000079898,0.0,213123,125720,23,True,
random_data,15000,QuickSortHoare_median_of_random_three,0.11515729999518953,0.0,265698,68330,25,True,
random_data,15000,QuickSortDualPivot,0.05807030000141822,0.0,166607,111437,21,True,
random_data,15000,QuickSortThreeWay,0.12149229999340605,0.0,202241,210698,21,True,
almost_sorted_data,15000,QuickSortLomuto_last,5.838431099997251,0.72265625,28625747,12829152,4601,True,
almost_sorted_data,15000,QuickSortHoare_last,3.6875943999984884,0.87109375,33679212,29996,5231,True,
almost_sorted_data,15000,QuickSortLomuto_random,0.08873459999449551,0.0,248546,159028,30,True,
almost_sorted_data,15000,QuickSortHoare_random,0.07060160000401083,0.0,300511,25777,34,True,
almost_sorted_data,15000,QuickSortLomuto_median_of_three,0.5008830000006128,0.15234375,4728096,58359,1018,True,
almost_sorted_data,15000,QuickSortHoare_median_of_three,0.06898129999899538,0.0,244594,25012,17,True,
almost_sorted_data,15000,QuickSortLomuto_median_of_random_three,0.09713139999803388,0.0,220720,131243,25,True,
almost_sorted_data,15000,QuickSortHoare_median_of_random_three,0.09674869999435032,0.0,258692,24441,24,True,
almost_sorted_data,15000,QuickSortDualPivot,1.0385262000054354,0.10546875,2722482,1549176,843,True,
almost_sorted_data,15000,QuickSortThreeWay,0.1625041999941459,0.0,200668,209267,22,True,
reverse_sorted_data,15000,QuickSortLomuto_last,25.711488399996597,2.53125,112492500,56272498,14998,True,
reverse_sorted_data,15000,QuickSortHoare_last,12.617818400001852,2.46875,112529997,22498,14998,True,
reverse_sorted_data,15000,QuickSortLomuto_random,0.08658270000159973,0.0,259567,140073,33,True,
reverse_sorted_data,15000,QuickSortHoare_random,0.07299719999718945,0.0,312791,33338,33,True,
reverse_sorted_data,15000,QuickSortLomuto_median_of_three,0.10943910000059986,0.0,359914,228920,31,True,
reverse_sorted_data,15000,QuickSortHoare_median_of_three,0.06504700000368757,0.0,235885,32498,14,True,
reverse_sorted_data,15000,QuickSortLomuto_median_of_random_three,0.09613469999749213,0.0,215220,130601,23,True,
reverse_sorted_data,15000,QuickSortHoare_median_of_random_three,0.1695668999964255,0.0,265884,32762,27,True,
reverse_sorted_data,15000,QuickSortDualPivot,9.516578599999775,1.2890625,56250000,22500,7499,True,
reverse_sorted_data,15000,QuickSortThreeWay,0.19831060000433354,0.0,210929,219503,24,True,
triangular_data,15000,QuickSortLomuto_last,4.7801900999984355,0.42578125,13267223,13084268,2726,True,
triangular_data,15000,QuickSortHoare_last,0.13248079999902984,0.0,856847,64387,112,True,
triangular_data,15000,QuickSortLomuto_random,0.08169579999957932,0.0,237457,138402,31,True,
triangular_data,15000,QuickSortHoare_random,0.0751040000031935,0.0,293414,68150,29,True,
triangular_data,15000,QuickSortLomuto_median_of_three,4.854535300000862,0.30859375,13247846,13079670,2726,True,
triangular_data,15000,QuickSortHoare_median_of_three,0.12944160000188276,0.0,653069,68135,72,True,
triangular_data,15000,QuickSortLomuto_median_of_random_three,0.10527610000281129,0.00390625,216422,133090,21,True,
triangular_data,15000,QuickSortHoare_median_of_random_three,0.10663519999798154,0.0,264982,69162,25,True,
triangular_data,15000,QuickSortDualPivot,1.2409883000000264,0.15234375,3186656,3193558,1033,True,
triangular_data,15000,QuickSortThreeWay,0.11599799999385141,0.0,209218,209218,24,True,
few_unique_data,15000,QuickSortLomuto_last,8.365737000000081,0.48828125,22525160,22540227,3060,True,
few_unique_data,15000,QuickSortHoare_last,0.07279420000122627,0.0,242165,107137,19,True,
few_unique_data,15000,QuickSortLomuto_random,8.94300099999964,0.48828125,22525160,22540227,3060,True,
few_unique_data,15000,QuickSortHoare_random,0.0852177999986452,0.0,237545,107622,18,True,
few_unique_data,15000,QuickSortLomuto_median_of_three,8.242667999998957,0.5,22531278,22546347,3062,True,
few_unique_data,15000,QuickSortHoare_median_of_three,0.09158279999974184,0.0,238456,107527,19,True,
few_unique_data,15000,QuickSortLomuto_median_of_random_three,7.453131599999324,0.48046875,22546223,22561361,3061,True,
few_unique_data,15000,QuickSortHoare_median_of_random_three,0.1267227999996976,0.0,239158,107620,18,True,
few_unique_data,15000,QuickSortDualPivot,2.107806400003028,0.234375,11273701,26966,1530,True,
few_unique_data,15000,QuickSortThreeWay,0.01732110000011744,0.0,33122,18132,2,True,
identical_elements,20000,QuickSortLomuto_last,71.59725959999923,3.42578125,199990000,200029998,19998,True,
identical_elements,20000,QuickSortHoare_last,0.09780029999819817,0.0,318430,159215,14,True,
identical_elements,20000,QuickSortLomuto_random,67.3928156999973,3.359375,199990000,200029998,19998,True,
identical_elements,20000,QuickSortHoare_random,0.11882229999901028,0.0,318430,159215,14,True,
identical_elements,20000,QuickSortLomuto_median_of_three,67.88025009999546,3.37890625,199990000,200029998,19998,True,
identical_elements,20000,QuickSortHoare_median_of_three,0.12102579999918817,0.0,318430,159215,14,True,
identical_elements,20000,QuickSortLomuto_median_of_random_three,69.3101783999955,3.3515625,199990000,200029998,19998,True,
identical_elements,20000,QuickSortHoare_median_of_random_three,0.1546130999995512,0.0,318430,159215,14,True,
identical_elements,20000,QuickSortDualPivot,16.361649899998156,1.7265625,100000000,20000,9999,True,
identical_elements,20000,QuickSortThreeWay,0.0033957000050577335,0.0,19999,1,0,True,
sorted_data,20000,QuickSortLomuto_last,67.93896109999332,3.94140625,199990000,200029998,19998,True,
sorted_data,20000,QuickSortHoare_last,21.951318899999023,3.33984375,200049997,39998,19998,True,
sorted_data,20000,QuickSortLomuto_random,0.1160634999978356,0.0,362682,198556,31,True,
sorted_data,20000,QuickSortHoare_random,0.09153849999711383,0.0,424541,34255,38,True,
sorted_data,20000,QuickSortLomuto_median_of_three,0.08612700000230689,0.0,247248,142837,13,True,
sorted_data,20000,QuickSortHoare_median_of_three,0.08593449999898439,0.0,323293,33331,15,True,
sorted_data,20000,QuickSortLomuto_median_of_random_three,0.18645800000376767,0.0,288650,159341,24,True,
sorted_data,20000,QuickSortHoare_median_of_random_three,0.21875580000050832,0.0,372464,32595,25,True,
sorted_data,20000,QuickSortDualPivot,17.62452199999825,1.71875,100000000,20000,9999,True,
sorted_data,20000,QuickSortThreeWay,0.24118950000411132,0.0,283543,294997,23,True,
random_data,20000,QuickSortLomuto_last,0.09822089999943273,0.0,332606,172260,30,True,
random_data,20000,QuickSortHoare_last,0.09217029999854276,0.0,453967,84991,37,True,
random_data,20000,QuickSortLomuto_random,0.1515674000038416,0.0,335040,198686,29,True,
random_data,20000,QuickSortHoare_random,0.12240459999884479,0.0,401443,88081,31,True,
random_data,20000,QuickSortLomuto_median_of_three,0.11596920000010869,0.0,279237,161829,22,True,
random_data,20000,QuickSortHoare_median_of_three,0.11721440000110306,0.0,385407,92195,29,True,
random_data,20000,QuickSortLomuto_median_of_random_three,0.1473312000016449,0.0,288174,169974,23,True,
random_data,20000,QuickSortHoare_median_of_random_three,0.14741720000165515,0.0,369337,92706,25,True,
random_data,20000,QuickSortDualPivot,0.07670409999991534,0.0,205147,163200,18,True,
random_data,20000,QuickSortThreeWay,0.15811630000098376,0.0,284753,295912,22,True,
almost_sorted_data,20000,QuickSortLomuto_last,12.25251200000639,0.96875,46273377,33660739,6045,True,
almost_sorted_data,20000,QuickSortHoare_last,7.57913120000012,1.12890625,64846008,39996,7204,True,
almost_sorted_data,20000,QuickSortLomuto_random,0.11996619999990799,0.0,347914,206928,35,True,
almost_sorted_data,20000,QuickSortHoare_random,0.09047289999580244,0.0,413059,34420,34,True,
almost_sorted_data,20000,QuickSortLomuto_median_of_three,1.050225600003614,0.23828125,9820032,88743,1600,True,
almost_sorted_data,20000,QuickSortHoare_median_of_three,0.08845899999869289,0.0,330089,33345,16,True,
almost_sorted_data,20000,QuickSortLomuto_median_of_random_three,0.12844459999905666,0.0,290773,168681,24,True,
almost_sorted_data,20000,QuickSortHoare_median_of_random_three,0.12814950000029057,0.0,362127,32621,25,True,
almost_sorted_data,20000,QuickSortDualPivot,2.300697600003332,0.3125,11997910,1725712,2130,True,
almost_sorted_data,20000,QuickSortThreeWay,0.16964649999863468,0.0,280509,291889,23,True,
reverse_sorted_data,20000,QuickSortLomuto_last,44.219357000001764,3.35546875,199990000,100029998,19998,True,
reverse_sorted_data,20000,QuickSortHoare_last,22.419118199999502,3.31640625,200039997,29998,19998,True,
reverse_sorted_data,20000,QuickSortLomuto_random,0.13411990000167862,0.0,344425,211515,32,True,
reverse_sorted_data,20000,QuickSortHoare_random,0.10679130000062287,0.0,417799,44383,34,True,
reverse_sorted_data,20000,QuickSortLomuto_median_of_three,0.21360780000395607,0.0,500614,317884,32,True,
reverse_sorted_data,20000,QuickSortHoare_median_of_three,0.10960570000315784,0.0,323297,43332,15,True,
reverse_sorted_data,20000,QuickSortLomuto_median_of_random_three,0.18698469999799272,0.0,289168,158752,23,True,
reverse_sorted_data,20000,QuickSortHoare_median_of_random_three,0.14009770000120625,0.0,358101,44039,25,True,
reverse_sorted_data,20000,QuickSortDualPivot,16.96589120000135,1.734375,100000000,30000,9999,True,
reverse_sorted_data,20000,QuickSortThreeWay,0.16661580000072718,0.0,285143,296575,24,True,
triangular_data,20000,QuickSortLomuto_last,8.509254099997634,0.66015625,23829033,23588430,4108,True,
triangular_data,20000,QuickSortHoare_last,0.18520559999888064,0.0,1218977,88145,134,True,
triangular_data,20000,QuickSortLomuto_random,0.16687970000202768,0.0,334140,194744,30,True,
triangular_data,20000,QuickSortHoare_random,0.1023955000055139,0.0,417999,93492,35,True,
triangular_data,20000,QuickSortLomuto_median_of_three,8.255851300003997,0.6640625,23698551,23476518,4106,True,
triangular_data,20000,QuickSortHoare_median_of_three,0.2539690999983577,0.0,931674,91023,201,True,
triangular_data,20000,QuickSortLomuto_median_of_random_three,0.20770489999995334,0.0,285851,174812,23,True,
triangular_data,20000,QuickSortHoare_median_of_random_three,0.2083822999993572,0.0,369355,93010,26,True,
triangular_data,20000,QuickSortDualPivot,1.7087133000022732,0.1484375,3819289,3827860,1033,True,
triangular_data,20000,QuickSortThreeWay,0.1526162000009208,0.0,275222,275222,22,True,
few_unique_data,20000,QuickSortLomuto_last,13.729034700001648,0.640625,40060296,40076205,4065,True,
few_unique_data,20000,QuickSortHoare_last,0.1307239000016125,0.0,348662,146689,21,True,
few_unique_data,20000,QuickSortLomuto_random,13.560241999999562,0.65625,40048126,40068098,4062,True,
few_unique_data,20000,QuickSortHoare_random,0.11598839999351185,0.0,330086,147297,20,True,
few_unique_data,20000,QuickSortLomuto_median_of_three,13.76773229999526,0.64453125,40028162,40048130,4062,True,
few_unique_data,20000,QuickSortHoare_median_of_three,0.12288570000237087,0.0,327283,147175,19,True,
few_unique_data,20000,QuickSortLomuto_median_of_random_three,14.193797399995674,0.640625,40036254,40056152,4063,True,
few_unique_data,20000,QuickSortHoare_median_of_random_three,0.1574278000043705,0.0,325647,147841,19,True,
few_unique_data,20000,QuickSortDualPivot,3.3876853000037954,0.3359375,20035229,44009,2032,True,
few_unique_data,20000,QuickSortThreeWay,0.014541799995640758,0.0,44101,24111,2,True,
